id,domain,scenario,expected_group,question
1,0,0,0,"This is a short question in domain 0 scenario 0 expected 0"
2,0,0,1,"This is a short question in domain 0 scenario 0 expected 1"
3,0,0,2,"This is a short question in domain 0 scenario 0 expected 2"
4,0,0,3,"This is a short question in domain 0 scenario 0 expected 3"
5,0,0,4,"This is a short question in domain 0 scenario 0 expected 4"
6,0,0,5,"This is a short question in domain 0 scenario 0 expected 5"
7,0,1,0,"This is a long question in domain 0 scenario 1 expected 0 Lorem ipsum dolor sit amet, consectetur adipiscing elit, sed do eiusmod tempor incididunt ut labore et dolore magna aliqua. Ut enim ad minim veniam, quis nostrud exercitation ullamco laboris nisi ut aliquip ex ea commodo consequat. Duis aute irure dolor in reprehenderit in voluptate velit esse cillum dolore eu fugiat nulla pariatur. Excepteur sint occaecat cupidatat non proident, sunt in culpa qui officia deserunt mollit anim id est laborum"
8,0,1,1,"This is a short question in domain 0 scenario 1 expected 1"
9,0,1,2,"This is a short question in domain 0 scenario 1 expected 2"
10,0,1,3,"This is a short question in domain 0 scenario 1 expected 3"
11,0,1,4,"This is a short question in domain 0 scenario 1 expected 4"
12,0,1,5,"This is a short question in domain 0 scenario 1 expected 5"
13,0,2,0,"This is a short question in domain 0 scenario 2 expected 0"
14,0,2,1,"This is a short question in domain 0 scenario 2 expected 1"
15,0,2,2,"This is a short question in domain 0 scenario 2 expected 2"
16,0,2,3,"This is a short question in domain 0 scenario 2 expected 3"
17,0,2,4,"This is a short question in domain 0 scenario 2 expected 4"
18,0,2,5,"This is a short question in domain 0 scenario 2 expected 5"
19,0,3,0,"This is a short question in domain 0 scenario 2 expected 0"
20,0,3,1,"This is a short question in domain 0 scenario 3 expected 1"
21,0,3,2,"This is a short question in domain 0 scenario 3 expected 2"
22,0,3,3,"This is a short question in domain 0 scenario 3 expected 3"
23,0,3,4,"This is a short question in domain 0 scenario 3 expected 4"
24,0,3,5,"This is a short question in domain 0 scenario 3 expected 5"
25,1,0,0,"This is a short question in domain 1 scenario 0 expected 0"
26,1,0,1,"This is a short question in domain 1 scenario 0 expected 1"
27,1,0,2,"This is a short question in domain 1 scenario 0 expected 2"
28,1,0,3,"This is a short question in domain 1 scenario 0 expected 3"
29,1,0,4,"This is a short question in domain 1 scenario 0 expected 4"
30,1,0,5,"This is a short question in domain 1 scenario 0 expected 5"
31,1,1,0,"This is a long question in domain 1 scenario 1 expected 0 Lorem ipsum dolor sit amet, consectetur adipiscing elit, sed do eiusmod tempor incididunt ut labore et dolore magna aliqua. Ut enim ad minim veniam, quis nostrud exercitation ullamco laboris nisi ut aliquip ex ea commodo consequat. Duis aute irure dolor in reprehenderit in voluptate velit esse cillum dolore eu fugiat nulla pariatur. Excepteur sint occaecat cupidatat non proident, sunt in culpa qui officia deserunt mollit anim id est laborum"
32,1,1,1,"This is a short question in domain 1 scenario 1 expected 1"
33,1,1,2,"This is a short question in domain 1 scenario 1 expected 2"
34,1,1,3,"This is a short question in domain 1 scenario 1 expected 3"
35,1,1,4,"This is a short question in domain 1 scenario 1 expected 4"
36,1,1,5,"This is a short question in domain 1 scenario 1 expected 5"
37,1,2,0,"This is a short question in domain 1 scenario 2 expected 0"
38,1,2,1,"This is a short question in domain 1 scenario 2 expected 1"
39,1,2,2,"This is a short question in domain 1 scenario 2 expected 2"
40,1,2,3,"This is a short question in domain 1 scenario 2 expected 3"
41,1,2,4,"This is a short question in domain 1 scenario 2 expected 4"
42,1,2,5,"This is a short question in domain 1 scenario 2 expected 5"
43,1,2,0,"This is a short question in domain 1 scenario 3 expected 0"
44,1,3,1,"This is a short question in domain 1 scenario 3 expected 1"
45,1,3,2,"This is a short question in domain 1 scenario 3 expected 2"
46,1,3,3,"This is a short question in domain 1 scenario 3 expected 3"
47,1,3,4,"This is a short question in domain 1 scenario 3 expected 4"
48,1,3,5,"This is a short question in domain 1 scenario 3 expected 5"